{"L_1": {"P_#57": [-2.4772131740453744], "P_#54": [2.4772131740464829], "P_#55": [-2.4772131740453602], "P_#52": [2.4772131740467813], "P_#53": [2.4772131740465255], "P_#50": [-2.7488717268693108], "P_#51": [2.4772131740468097], "P_#58": [-2.4772131740453176], "P_#59": [2.4772131740453887], "P_#9": [-2.4772131740456445], "P_#109": [-2.4772131740469803], "P_#119": [-2.4772131740466961], "P_#120": [-2.4772131740468666], "P_#100": [2.4772131740454455], "P_#110": [-2.4772131740469376], "P_#104": [-2.4772131740469803], "P_#114": [2.4772131740455023], "P_#8": [2.4772131740466676], "P_#121": [2.748871726869325], "P_#101": [-2.4772131740469518], "P_#111": [-2.4772131740469945], "P_#96": [-2.7488717268705898], "P_#97": [2.4772131740457439], "P_#94": [2.4772131740454881], "P_#95": [-2.748871726869595], "P_#92": [2.4772131740446497], "P_#93": [2.4772131740454313], "P_#90": [-2.4772131740460992], "P_#91": [2.4772131740446497], "P_#98": [2.4772131740457581], "P_#99": [2.4772131740456302], "P_#105": [2.4772131740454597], "P_#115": [2.4772131740459997], "P_#0": [2.7488717268694529], "P_#102": [-2.4772131740468808], "P_#112": [-2.477213174046895], "P_#86": [2.4772131740456018], "P_#87": [-2.4772131740467955], "P_#84": [2.4772131740447918], "P_#85": [2.4772131740456445], "P_#82": [-2.4772131740457439], "P_#83": [2.477213174044735], "P_#80": [-2.4772131740465824], "P_#81": [-2.4772131740457155], "P_#88": [-2.477213174046824], "P_#89": [-2.4772131740460992], "P_#4": [-2.4772131740454881], "P_#106": [2.4772131740454881], "P_#116": [2.4772131740459997], "P_#3": [-2.4772131740454881], "P_#7": [2.4772131740466818], "P_#46": [2.4772131740458008], "P_#47": [2.4772131740458008], "P_#44": [-2.4772131740463266], "P_#45": [2.4772131740457723], "P_#2": [-2.4772131740454881], "P_#42": [-2.4772131740462697], "P_#40": [2.477213174046085], "P_#41": [-2.4772131740462555], "P_#43": [-2.4772131740463266], "P_#48": [2.4772131740457723], "P_#49": [-2.7488717268704193], "P_#36": [-2.4772131740463266], "P_#37": [2.477213174046085], "P_#34": [-2.4772131740463408], "P_#35": [-2.4772131740463266], "P_#32": [2.477213174046085], "P_#33": [-2.4772131740463266], "P_#30": [2.4772131740460992], "P_#31": [2.4772131740460424], "P_#38": [2.4772131740460992], "P_#39": [2.4772131740460992], "P_#6": [2.4772131740469803], "P_#76": [2.4772131740450334], "P_#77": [2.4772131740459145], "P_#74": [-2.4772131740454881], "P_#75": [2.4772131740450334], "P_#72": [-2.4772131740464829], "P_#73": [-2.4772131740457155], "P_#70": [2.4772131740459145], "P_#71": [-2.4772131740464403], "P_#78": [2.4772131740457439], "P_#79": [-2.4772131740465682], "P_#26": [-2.4772131740463266], "P_#27": [-2.4772131740463976], "P_#24": [2.477213174046085], "P_#25": [-2.4772131740463266], "P_#22": [2.4772131740460992], "P_#23": [2.4772131740460992], "P_#20": [-2.4772131740463834], "P_#21": [2.4772131740460708], "P_#28": [-2.4772131740463834], "P_#29": [2.477213174046085], "P_#1": [-2.4772131740455023], "P_#66": [-2.4772131740454739], "P_#67": [2.4772131740451897], "P_#64": [-2.4772131740462129], "P_#65": [-2.4772131740454739], "P_#62": [2.4772131740462271], "P_#63": [-2.4772131740461845], "P_#60": [2.4772131740453887], "P_#61": [2.4772131740462271], "P_#68": [2.4772131740451186], "P_#69": [2.4772131740459571], "P_#5": [2.4772131740469803], "P_#103": [-2.4772131740469092], "P_#113": [2.4772131740456302], "P_#108": [2.4772131740455166], "P_#118": [-2.4772131740461987], "P_#16": [2.477213174046085], "P_#17": [-2.4772131740463266], "P_#14": [2.4772131740460281], "P_#15": [2.4772131740461134], "P_#12": [-2.4772131740455308], "P_#13": [2.4772131740460281], "P_#10": [-2.4772131740457013], "P_#11": [-2.4772131740455734], "P_#107": [2.4772131740455308], "P_#117": [-2.4772131740464403], "P_#18": [-2.4772131740463408], "P_#19": [-2.4772131740463834], "P_#56": [-2.4772131740462697]}, "L_0": {"P_#22": [-1.8384472357246864], "P_#23": [1.8384472357247432], "P_#20": [-1.6728522839455309], "P_#21": [-1.8384472357247574], "P_#24": [1.8384472357247716], "P_#25": [1.8384472357247859], "P_#76": [-1.8384472357250559], "P_#74": [-1.8384472357246011], "P_#75": [-1.8384472357250132], "P_#72": [1.8384472357247574], "P_#28": [1.8384472357242032], "P_#29": [1.8384472357248001], "P_#70": [1.8384472357243027], "P_#71": [1.8384472357246011], "P_#73": [-1.8384472357245869], "P_#77": [1.8384472357246437], "P_#6": [1.8384472357246295], "P_#78": [1.8384472357247006], "P_#79": [1.8384472357248001], "P_#56": [-1.8384472357248143], "P_#57": [-1.8384472357240185], "P_#3": [1.8384472357247148], "P_#54": [1.8384472357248569], "P_#52": [1.8384472357240327], "P_#53": [1.8384472357248001], "P_#50": [-1.8384472357241606], "P_#51": [1.8384472357240611], "P_#55": [-1.8384472357248001], "P_#80": [1.8384472357247574], "P_#81": [-1.8384472357245585], "P_#4": [1.8384472357247148], "P_#82": [-1.8384472357245158], "P_#83": [-1.8384472357248995], "P_#58": [-1.838447235723919], "P_#59": [1.8384472357241606], "P_#84": [-1.8384472357248569], "P_#85": [-2.0401890216548679], "P_#66": [-1.6728522839453461], "P_#67": [-1.8384472357248143], "P_#64": [-1.8384472357248427], "P_#65": [-1.6728522839446214], "P_#62": [1.8384472357248569], "P_#63": [-1.8384472357247859], "P_#60": [1.838447235724189], "P_#61": [1.8384472357248001], "P_#1": [-1.838447235724928], "P_#68": [-1.8384472357248569], "P_#69": [1.8384472357245443], "P_#36": [1.838447235724189], "P_#37": [1.8384472357248427], "P_#9": [-1.8384472357249422], "P_#34": [-1.8384472357242174], "P_#32": [-1.8384472357248143], "P_#33": [-1.8384472357241606], "P_#30": [1.8384472357248001], "P_#31": [-1.8384472357248001], "P_#35": [1.8384472357241606], "P_#46": [1.8384472357248285], "P_#47": [-1.8384472357247859], "P_#44": [1.838447235724189], "P_#45": [1.8384472357248285], "P_#2": [-1.8384472357248853], "P_#38": [1.8384472357248001], "P_#39": [-1.8384472357248001], "P_#40": [-1.8384472357248143], "P_#41": [-1.8384472357241748], "P_#42": [-1.8384472357241606], "P_#43": [1.8384472357241606], "P_#7": [-1.838447235724928], "P_#48": [-1.8384472357248427], "P_#49": [-1.8384472357242174], "P_#16": [1.8384472357248853], "P_#17": [-1.8384472357246722], "P_#14": [1.8384472357247716], "P_#15": [1.8384472357249138], "P_#12": [-1.8384472357248569], "P_#13": [1.8384472357247148], "P_#10": [-1.8384472357248853], "P_#11": [1.8384472357247574], "P_#0": [-2.0401890216546263], "P_#18": [-1.8384472357246437], "P_#19": [-1.6728522839447777], "P_#26": [-1.8384472357241606], "P_#27": [1.838447235724189], "P_#8": [-1.8384472357249564], "P_#5": [1.8384472357247148]}, "L_3": {"P_#57": [2.4772131740466108], "P_#54": [-2.4772131740466961], "P_#55": [2.4772131740467245], "P_#52": [-2.4772131740458292], "P_#53": [-2.477213174046824], "P_#50": [2.2541910549028614], "P_#51": [-2.4772131740458008], "P_#58": [2.4772131740464403], "P_#59": [-2.477213174046085], "P_#9": [2.4772131740461987], "P_#109": [2.477213174046156], "P_#119": [2.4772131740464829], "P_#120": [2.477213174046426], "P_#100": [-2.4772131740466961], "P_#110": [2.4772131740461845], "P_#104": [2.4772131740456018], "P_#114": [-2.4772131740465113], "P_#8": [-2.4772131740461703], "P_#121": [-2.2541910549036004], "P_#101": [2.4772131740464687], "P_#111": [2.4772131740459997], "P_#96": [2.2541910549025204], "P_#97": [-2.4772131740454739], "P_#94": [-2.4772131740451044], "P_#95": [2.2541910549026341], "P_#92": [-2.4772131740460992], "P_#93": [-2.4772131740451471], "P_#90": [2.477213174046426], "P_#91": [-2.4772131740460708], "P_#98": [-2.4772131740454881], "P_#99": [-2.477213174046895], "P_#105": [-2.4772131740459997], "P_#115": [-2.4772131740461987], "P_#0": [-2.2541910549032309], "P_#102": [2.4772131740463834], "P_#112": [2.477213174046156], "P_#86": [-2.4772131740451186], "P_#87": [2.4772131740453887], "P_#84": [-2.4772131740461134], "P_#85": [-2.4772131740450192], "P_#82": [2.4772131740465824], "P_#83": [-2.4772131740460992], "P_#80": [2.4772131740454597], "P_#81": [2.477213174046625], "P_#88": [2.4772131740453744],